{
    "keyboard_name": "SAM X Eclipse",
    "manufacturer": "Khor",
    "url": "https://khor.store",
    "mantainer": "Marco",
    "bootloader": "rp2040",
    "diode_direction": "COL2ROW",
    "features":{
        "bootmagic": true,
        "command": false,
        "console": false,
        "extrakey": true,
        "mousekey": true,
        "nkro": true,
        "rgb_matrix": true
    },
    "matrix_pins": {
        "cols": ["GP28", "GP27", "GP26", "GP25", "GP24", "GP23", "GP22", "GP21", "GP20", "GP19", "GP18", "GP17", "GP16", "GP15", "GP0", "GP1", "GP2", "GP6"],
        "rows": ["GP4", "GP3", "GP29", "GP14", "GP13"]
    },
    "processor": "RP2040",
    "usb":{
        "device_version": "1.0.0",
        "pid": "0x0001",
        "vid": "0xFEED"
    },
    "ws2812":{
        "pin": "GP8",
        "driver": "vendor"
    },
    "rgblight": {
        "max_brightness": 120
    },
    "rgb_matrix": {
        "driver": "ws2812"
    },
    
    "layouts":{
        "LAYOUT":{
            "layout":[
           /* {"matrix": [0, 0], "x": 0, "y": 0},
            {"matrix": [0, 1], "x": 0, "y": 0},
            {"matrix": [0, 2], "x": 1, "y": 0},
            {"matrix": [0, 3], "x": 2, "y": 0},
            {"matrix": [0, 4], "x": 3, "y": 0},
            {"matrix": [0, 5], "x": 4, "y": 0},
            {"matrix": [0, 6], "x": 5, "y": 0},
            {"matrix": [0, 7], "x": 6, "y": 0},
            {"matrix": [0, 8], "x": 7, "y": 0},
            {"matrix": [0, 9], "x": 8, "y": 0},
            {"matrix": [0, 10], "x": 9, "y": 0},
            {"matrix": [0, 11], "x": 10, "y": 0},
            {"matrix": [0, 12], "x": 11, "y": 0},
            {"matrix": [0, 13], "x": 12, "y": 0},
            {"matrix": [0, 15], "x": 16, "y": 0},
            {"matrix": [0, 16], "x": 17, "y": 0},
            {"matrix": [0, 17], "x": 18, "y": 0}, FROW */
            {"matrix": [0, 0], "x": 0, "y": 1},
            {"matrix": [0, 1], "x": 1, "y": 1},
            {"matrix": [0, 2], "x": 2, "y": 1},
            {"matrix": [0, 3], "x": 3, "y": 1},
            {"matrix": [0, 4], "x": 4, "y": 1},
            {"matrix": [0, 5], "x": 5, "y": 1},
            {"matrix": [0, 6], "x": 6, "y": 1},
            {"matrix": [0, 7], "x": 7, "y": 1},
            {"matrix": [0, 8], "x": 8, "y": 1},
            {"matrix": [0, 9], "x": 9, "y": 1},
            {"matrix": [0, 10], "x": 10, "y": 1},
            {"matrix": [0, 11], "x": 11, "y": 1},
            {"matrix": [0, 12], "x": 12, "y": 1},
            {"matrix": [0, 13], "x": 13, "y": 1},
            {"matrix": [0, 14], "x": 14, "y": 1},
            {"matrix": [0, 15], "x": 16, "y": 1},
            {"matrix": [0, 16], "x": 17, "y": 1},
            {"matrix": [0, 17], "x": 18, "y": 1},
            {"matrix": [1, 0], "x": 0, "y": 2, "w": 1.5},
            {"matrix": [1, 1], "x": 1.5, "y": 2},
            {"matrix": [1, 2], "x": 2.5, "y": 2},
            {"matrix": [1, 3], "x": 3.5, "y": 2},
            {"matrix": [1, 4], "x": 4.5, "y": 2},
            {"matrix": [1, 5], "x": 5.5, "y": 2},
            {"matrix": [1, 6], "x": 6.5, "y": 2},
            {"matrix": [1, 7], "x": 7.5, "y": 2},
            {"matrix": [1, 8], "x": 8.5, "y": 2},
            {"matrix": [1, 9], "x": 9.5, "y": 2},
            {"matrix": [1, 10], "x": 10.5, "y": 2},
            {"matrix": [1, 11], "x": 11.5, "y": 2},
            {"matrix": [1, 12], "x": 12.5, "y": 2},
            {"matrix": [1, 13], "x": 12.5, "y": 2, "w": 1.5},
            {"matrix": [1, 15], "x": 15, "y": 0},
            {"matrix": [1, 16], "x": 16, "y": 0},
            {"matrix": [1, 17], "x": 17, "y": 0},
            {"matrix": [2, 0], "x": 0, "y": 3, "w": 1.75},
            {"matrix": [2, 1], "x": 1.75, "y": 3},
            {"matrix": [2, 2], "x": 2.75, "y": 3},
            {"matrix": [2, 3], "x": 3.75, "y": 3},
            {"matrix": [2, 4], "x": 4.75, "y": 3},
            {"matrix": [2, 5], "x": 5.75, "y": 3},
            {"matrix": [2, 6], "x": 6.75, "y": 3},
            {"matrix": [2, 7], "x": 7.75, "y": 3},
            {"matrix": [2, 8], "x": 8.75, "y": 3},
            {"matrix": [2, 9], "x": 9.75, "y": 3},
            {"matrix": [2, 10], "x": 10.75, "y": 3},
            {"matrix": [2, 11], "x": 11.75, "y": 3},
            {"matrix": [2, 12], "x": 12.75, "y": 3},
            {"matrix": [2, 13], "x": 13.25, "y": 3, "w": 2.25},
            {"matrix": [3, 0], "x": 0, "y": 3, "w": 2.25},
            {"matrix": [3, 1], "x": 2.25, "y": 4},
            {"matrix": [3, 2], "x": 3.25, "y": 4},
            {"matrix": [3, 3], "x": 4.25, "y": 4},
            {"matrix": [3, 4], "x": 5.25, "y": 4},
            {"matrix": [3, 5], "x": 6.25, "y": 4},
            {"matrix": [3, 6], "x": 7.25, "y": 4},
            {"matrix": [3, 7], "x": 8.25, "y": 4},
            {"matrix": [3, 8], "x": 9.25, "y": 4},
            {"matrix": [3, 9], "x": 10.25, "y": 4},
            {"matrix": [3, 10], "x": 11.25, "y": 4},
            {"matrix": [3, 11], "x": 12.25, "y": 4},
            {"matrix": [3, 12], "x": 13.25, "y": 4, "w": 1.75},
            {"matrix": [3, 13], "x": 15, "y": 4},
            {"matrix": [3, 16], "x": 18, "y": 4},
            {"matrix": [4, 0], "x": 0, "y": 5, "w": 1.5},
            {"matrix": [4, 1], "x": 1.5, "y": 5},
            {"matrix": [4, 2], "x": 2.5, "y": 5, "w": 1.5},
            {"matrix": [4, 5], "x": 4, "y": 5, "w": 3},
            {"matrix": [4, 7], "x": 6, "y": 5},
            {"matrix": [4, 9], "x": 7, "y": 5, "w": 3},
            {"matrix": [4, 10], "x": 8.75, "y": 5, "w": 1.25},
            {"matrix": [4, 11], "x": 10, "y": 5, "w": 1.5},
            {"matrix": [4, 12], "x": 11.5, "y": 5},
            {"matrix": [4, 13], "x": 13, "y": 5, "w": 1.5},
            {"matrix": [4, 15], "x": 15, "y": 5},
            {"matrix": [4, 16], "x": 16, "y": 5},
            {"matrix": [4, 17], "x": 17, "y": 5}
        ]}
    }
}