{
    "keyboard_name": "MoreThanChristmas",
    "manufacturer": "Khor",
    "url": "https://khor.store",
    "mantainer": "Marco",
    "bootloader": "rp2040",
    "diode_direction": "COL2ROW",
    "features":{
        "bootmagic": true,
        "command": false,
        "console": false,
        "extrakey": true,
        "mousekey": true,
        "nkro": true,
        "oled": true,
    },
    "matrix_pins": {
        "cols": ["GP27","GP26","GP22","GP20"],
        "rows": ["GP7", "GP6", "GP5"]
    },
    "processor": "RP2040",
    "usb":{
        "device_version": "1.0.0",
        "pid": "0x0001",
        "vid": "0xFEED"
    },
    
    "oled":{
        "driver": "ssd1306"
    },
    "layouts":{
        "LAYOUT":{
            "layout":[
            {"matrix": [0, 0], "x": 0, "y": 0},
            {"matrix": [0, 1], "x": 1, "y": 0},
            {"matrix": [0, 2], "x": 2, "y": 0},
            {"matrix": [0, 3], "x": 3, "y": 0},
            
            {"matrix": [1, 0], "x": 0, "y": 1},
            {"matrix": [1, 1], "x": 1, "y": 1},
            {"matrix": [1, 2], "x": 2, "y": 1},
            {"matrix": [1, 3], "x": 3, "y": 1},

            {"matrix": [2, 0], "x": 0, "y": 2},
            {"matrix": [2, 1], "x": 1, "y": 2},
            {"matrix": [2, 2], "x": 2, "y": 2},
            {"matrix": [2, 3], "x": 3, "y": 2},
            
         
        ]
        }
    }
}