{
  "manufacturer": "KHOR",
  "name": "SAM X Eclipse",
  "vendorId": "0x6F6A",
  "productId": "0x5344",
  "lighting": "vialrgb",
  "matrix": {
    "rows": 5,
    "cols": 18
  },
  "layouts": {
    "labels": [
      ["Backspace", "Standard", "Split"],
      ["Enter", "ANSI", "ISO"],
      "Split Right Shift",
      "Split Left Shift",
      ["Bottom Row","6,25U",  "7U", "Split"]
    ],
    "keymap": [
      ["0,0","0,1","0,2","0,3","0,4","0,5","0,6","0,7","0,8","0,9","0,10","0,11","0,12",{"c":"#d49aed","w":2},"0,13\n\n\n0,0",{"x":0.25,"c":"#cccccc"},"0,15","0,16","0,17",{"x":0.25,"c":"#d49aed"},"0,13\n\n\n0,1","0,14\n\n\n0,1"],
[{"c":"#cccccc","w":1.5},"1,0","1,1","1,2","1,3","1,4","1,5","1,6","1,7","1,8","1,9","1,10","1,11","1,12",{"c":"#989deb","w":1.5},"1,13\n\n\n1,0",{"x":0.25,"c":"#cccccc"},"1,15","1,16","1,17",{"x":1,"c":"#989deb","w":1.25,"h":2,"w2":1.5,"h2":1,"x2":-0.25},"2,13\n\n\n1,1"],
[{"c":"#f0b9b9","w":1.75},"2,0",{"c":"#cccccc"},"2,1","2,2","2,3","2,4","2,5","2,6","2,7","2,8","2,9","2,10","2,11",{"c":"#989deb","w":2.25},"2,13\n\n\n1,0",{"x":3.25},"2,12\n\n\n1,1"],
[{"c":"#fcf1b8","w":2.25},"3,0\n\n\n3,0",{"c":"#cccccc"},"3,2","3,3","3,4","3,5","3,6","3,7","3,8","3,9","3,10","3,11",{"c":"#fa9889","w":2.75},"3,12\n\n\n2,0",{"x":1.25,"c":"#cccccc"},"3,16",{"x":1,"c":"#fa9889","w":1.75},"3,12\n\n\n2,1","3,13\n\n\n2,1",{"x":0.25,"c":"#fcf1b8","w":1.25},"3,0\n\n\n3,1","3,1\n\n\n3,1"],
[{"c":"#80ffdd","w":1.25},"4,0\n\n\n4,0",{"w":1.25},"4,1\n\n\n4,0",{"w":1.25},"4,2\n\n\n4,0",{"w":6.25},"4,7\n\n\n4,0",{"w":1.25},"4,10\n\n\n4,0",{"w":1.25},"4,11\n\n\n4,0",{"w":1.25},"4,12\n\n\n4,0",{"w":1.25},"4,13\n\n\n4,0",{"x":0.25,"c":"#cccccc"},"4,15","4,16","4,17"],
[{"c":"#80ffdd","w":1.5},"4,0\n\n\n4,1","4,1\n\n\n4,1",{"w":1.5},"4,2\n\n\n4,1",{"w":7},"4,7\n\n\n4,1",{"w":1.5},"4,11\n\n\n4,1","4,12\n\n\n4,1",{"w":1.5},"4,13\n\n\n4,1"],
[{"w":1.25},"4,0\n\n\n4,2",{"w":1.25},"4,1\n\n\n4,2",{"w":1.25},"4,2\n\n\n4,2",{"w":2.75},"4,5\n\n\n4,2",{"w":1.25},"4,7\n\n\n4,2",{"w":2.25},"4,9\n\n\n4,2",{"w":1.25},"4,10\n\n\n4,2",{"w":1.25},"4,11\n\n\n4,2",{"w":1.25},"4,12\n\n\n4,2",{"w":1.25},"4,13\n\n\n4,2"]
    ]
  }
}