{
    "keyboard_name": "Meetup Badge",
    "manufacturer": "Khor",
    "url": "https://khor.store",
    "mantainer": "Marco",
    "bootloader": "rp2040",
    "diode_direction": "COL2ROW",
    "features":{
        "bootmagic": true,
        "command": false,
        "console": false,
        "extrakey": true,
        "mousekey": true,
        "nkro": true,
        "oled": true,
        "encoder": true
    },
    "matrix_pins": {
        "direct": [
      ["GP5"],
      ["GP6"],
      ["GP8"],
      ["GP4"],
      ["GP7"]
    ]
    },
    "processor": "RP2040",
    "usb":{
        "device_version": "1.0.0",
        "pid": "0x0001",
        "vid": "0xFEED"
    },
    
    "oled":{
        "driver": "ssd1306"
    },
    "encoder": {
        "rotary": [
        { "pin_a": "GP21", "pin_b": "GP9", "resolution": 4 }
        ]
    },
    "layouts":{
        "LAYOUT":{
            "layout":[
            {"matrix": [0, 0], "x": 0, "y": 0},
            {"matrix": [1, 0], "x": 0, "y": 1},
            {"matrix": [2, 0], "x": 1, "y": 0},
            {"matrix": [3, 0], "x": 1, "y": 1},
            {"matrix": [4, 0], "x": 2, "y": 0}
            
         
        ]
        }
    }
}